Genotype,No drug,1.718 µM,6.389 µM,19.08 µM,53.60 µM,147.4 µM,402.4 µM,1096 µM,2980 µM,8102 µM
0000,1.526,0.428,0.004,0.0,0.0,0.0,0.0,0.0,0.0,0.0
0001,1.456,1.134,0.405,0.073,0.011,0.002,0.0,0.0,0.0,0.0
0010,1.396,1.396,1.396,1.396,1.396,1.393,1.273,0.22,0.011,0.001
0011,0.821,0.821,0.821,0.821,0.82,0.814,0.782,0.545,0.038,0.001
0100,1.348,1.23,1.029,0.76,0.487,0.272,0.137,0.065,0.029,0.013
0101,1.319,1.314,1.294,1.215,0.963,0.496,0.156,0.039,0.009,0.002
0110,1.488,1.488,1.488,1.488,1.487,1.466,1.193,0.461,0.059,0.002
0111,1.471,1.471,1.471,1.471,1.471,1.471,1.455,1.209,0.151,0.003
1000,1.461,1.446,1.403,1.282,1.006,0.604,0.274,0.103,0.036,0.012
1001,1.474,1.473,1.467,1.43,1.234,0.674,0.187,0.035,0.006,0.001
1010,1.431,1.431,1.431,1.43,1.429,1.422,1.362,0.896,0.182,0.024
1011,1.0,1.0,1.0,1.0,1.0,0.988,0.77,0.118,0.005,0.0
1100,1.421,1.411,1.377,1.272,1.011,0.566,0.188,0.054,0.016,0.005
1101,1.505,1.504,1.493,1.427,1.077,0.372,0.063,0.009,0.001,0.0
1110,1.511,1.511,1.511,1.511,1.51,1.506,1.465,1.168,0.403,0.058
1111,1.393,1.393,1.393,1.393,1.393,1.392,1.386,1.303,0.675,0.085
